{
  "project_info": {
    "project_number": "485058627152",
    "firebase_url": "https://code-elevate-a1329-default-rtdb.firebaseio.com",
    "project_id": "code-elevate-a1329",
    "storage_bucket": "code-elevate-a1329.appspot.com"
  },
  "client": [
    {
      "client_info": {
        "mobilesdk_app_id": "1:485058627152:android:7071e65867bde23dedf355",
        "android_client_info": {
          "package_name": "com.example.codeelevate"
        }
      },
      "oauth_client": [
        {
          "client_id": "485058627152-5bms6koijpe7usasfh04ut9771s5mlf4.apps.googleusercontent.com",
          "client_type": 3
        }
      ],
      "api_key": [
        {
          "current_key": "AIzaSyAZu4nr-4vRbCsU-bSsZUrdYDhftAbADj4"
        }
      ],
      "services": {
        "appinvite_service": {
          "other_platform_oauth_client": [
            {
              "client_id": "485058627152-5bms6koijpe7usasfh04ut9771s5mlf4.apps.googleusercontent.com",
              "client_type": 3
            }
          ]
        }
      }
    }
  ],
  "configuration_version": "1"
}